"","names"
"1","Abrocoma bennettii"
"2","Abrocoma cinerea"
"3","Abrothrix andinus"
"4","Abrothrix jelskii"
"5","Abrothrix longipilis"
"6","Abrothrix olivaceus"
"7","Abrothrix sanborni"
"8","Acerodon jubatus"
"9","Acinonyx jubatus"
"10","Acomys cahirinus"
"11","Acomys cineraceus"
"12","Acomys dimidiatus"
"13","Acomys ignitus"
"14","Acomys johannis"
"15","Acomys percivali"
"16","Acomys russatus"
"17","Acomys spinosissimus"
"18","Acomys subspinosus"
"19","Acomys wilsoni"
"20","Acrobates pygmaeus"
"21","Aegialomys xanthaeolus"
"22","Aepyceros melampus"
"23","Aepyprymnus rufescens"
"24","Aethalops alecto"
"25","Aethomys chrysophilus"
"26","Aethomys hindei"
"27","Aethomys kaiseri"
"28","Aethomys nyikae"
"29","Ailurus fulgens"
"30","Akodon aerosus"
"31","Akodon affinis"
"32","Akodon albiventer"
"33","Akodon azarae"
"34","Akodon boliviensis"
"35","Akodon cursor"
"36","Akodon dayi"
"37","Akodon fumeus"
"38","Akodon iniscatus"
"39","Akodon lutescens"
"40","Akodon mimus"
"41","Akodon mollis"
"42","Akodon montensis"
"43","Akodon orophilus"
"44","Akodon simulator"
"45","Akodon spegazzinii"
"46","Akodon subfuscus"
"47","Akodon toba"
"48","Akodon torques"
"49","Akodon varius"
"50","Alcelaphus buselaphus"
"51","Alces alces"
"52","Allactaga balikunica"
"53","Allactaga bullata"
"54","Allactaga elater"
"55","Allactaga euphratica"
"56","Allactaga major"
"57","Allactaga sibirica"
"58","Allochrocebus lhoesti"
"59","Allocricetulus curtatus"
"60","Alouatta belzebul"
"61","Alouatta caraya"
"62","Alouatta guariba"
"63","Alouatta macconnelli"
"64","Alouatta palliata"
"65","Alouatta pigra"
"66","Alouatta sara"
"67","Alticola argentatus"
"68","Alticola barakshin"
"69","Alticola lemminus"
"70","Alticola strelzowi"
"71","Amblysomus hottentotus"
"72","Ametrida centurio"
"73","Ammospermophilus harrisii"
"74","Ammospermophilus interpres"
"75","Ammospermophilus leucurus"
"76","Ammospermophilus nelsoni"
"77","Ammotragus lervia"
"78","Amorphochilus schnablii"
"79","Andinomys edax"
"80","Anomalurus beecrofti"
"81","Anomalurus derbianus"
"82","Anomalurus pelii"
"83","Anomalurus pusillus"
"84","Anoura caudifer"
"85","Anoura cultrata"
"86","Anoura geoffroyi"
"87","Anoura latidens"
"88","Anourosorex squamipes"
"89","Antechinomys laniger"
"90","Antechinus adustus"
"91","Antechinus agilis"
"92","Antechinus bellus"
"93","Antechinus flavipes"
"94","Antechinus godmani"
"95","Antechinus minimus"
"96","Antechinus stuartii"
"97","Antechinus subtropicus"
"98","Antechinus swainsonii"
"99","Antidorcas marsupialis"
"100","Antilocapra americana"
"101","Antilope cervicapra"
"102","Antrozous pallidus"
"103","Aonyx capensis"
"104","Aonyx cinereus"
"105","Aotus azarae"
"106","Aotus brumbacki"
"107","Aotus griseimembra"
"108","Aotus lemurinus"
"109","Aotus miconax"
"110","Aotus nancymaae"
"111","Aotus nigriceps"
"112","Aotus trivirgatus"
"113","Aotus vociferans"
"114","Aplodontia rufa"
"115","Apodemus agrarius"
"116","Apodemus alpicola"
"117","Apodemus argenteus"
"118","Apodemus chevrieri"
"119","Apodemus draco"
"120","Apodemus flavicollis"
"121","Apodemus latronum"
"122","Apodemus mystacinus"
"123","Apodemus pallipes"
"124","Apodemus peninsulae"
"125","Apodemus speciosus"
"126","Apodemus sylvaticus"
"127","Apodemus uralensis"
"128","Apodemus witherbyi"
"129","Apomys insignis"
"130","Apomys microdon"
"131","Apomys musculus"
"132","Apomys sierrae"
"133","Arborimus albipes"
"134","Arborimus longicaudus"
"135","Arborimus pomo"
"136","Arctictis binturong"
"137","Arctocebus calabarensis"
"138","Arctogalidia trivirgata"
"139","Ardops nichollsi"
"140","Artibeus amplus"
"141","Artibeus concolor"
"142","Artibeus fimbriatus"
"143","Artibeus fraterculus"
"144","Artibeus hirsutus"
"145","Artibeus jamaicensis"
"146","Artibeus lituratus"
"147","Artibeus obscurus"
"148","Artibeus planirostris"
"149","Arvicanthis abyssinicus"
"150","Arvicanthis nairobae"
"151","Arvicanthis neumanni"
"152","Arvicanthis niloticus"
"153","Arvicanthis rufinus"
"154","Arvicola amphibius"
"155","Arvicola sapidus"
"156","Arvicola scherman"
"157","Asellia tridens"
"158","Aselliscus stoliczkanus"
"159","Aselliscus tricuspidatus"
"160","Atelerix albiventris"
"161","Atelerix algirus"
"162","Atelerix frontalis"
"163","Ateles belzebuth"
"164","Ateles chamek"
"165","Ateles fusciceps"
"166","Ateles geoffroyi"
"167","Ateles hybridus"
"168","Ateles paniscus"
"169","Atelocynus microtis"
"170","Atherurus africanus"
"171","Atherurus macrourus"
"172","Atilax paludinosus"
"173","Atlantoxerus getulus"
"174","Auliscomys boliviensis"
"175","Auliscomys pictus"
"176","Auliscomys sublimis"
"177","Avahi laniger"
"178","Axis axis"
"179","Axis porcinus"
"180","Baiomys musculus"
"181","Baiomys taylori"
"182","Balantiopteryx io"
"183","Balantiopteryx plicata"
"184","Balionycteris maculata"
"185","Bandicota bengalensis"
"186","Bandicota indica"
"187","Barbastella barbastellus"
"188","Barbastella leucomelas"
"189","Bassaricyon alleni"
"190","Bassaricyon gabbii"
"191","Bassariscus astutus"
"192","Bassariscus sumichrasti"
"193","Bathyergus suillus"
"194","Bauerus dubiaquercus"
"195","Bdeogale crassicauda"
"196","Bdeogale nigripes"
"197","Beamys hindei"
"198","Berylmys bowersi"
"199","Bettongia gaimardi"
"200","Bettongia penicillata"
"201","Bettongia tropica"
"202","Bison bison"
"203","Bison bonasus"
"204","Blarina brevicauda"
"205","Blarina carolinensis"
"206","Blarina hylophaga"
"207","Blarinella quadraticauda"
"208","Blastocerus dichotomus"
"209","Bos gaurus"
"210","Bos javanicus"
"211","Bos mutus"
"212","Boselaphus tragocamelus"
"213","Brachyphylla cavernarum"
"214","Brachyphylla nana"
"215","Bradypus tridactylus"
"216","Bradypus variegatus"
"217","Bubalus arnee"
"218","Budorcas taxicolor"
"219","Bullimus bagobus"
"220","Bullimus luzonicus"
"221","Bunomys penitus"
"222","Burramys parvus"
"223","Cabassous centralis"
"224","Cabassous unicinctus"
"225","Caenolestes fuliginosus"
"226","Callicebus cupreus"
"227","Callicebus moloch"
"228","Callicebus torquatus"
"229","Callithrix geoffroyi"
"230","Callithrix jacchus"
"231","Callithrix penicillata"
"232","Callorhinus ursinus"
"233","Callosciurus caniceps"
"234","Callosciurus erythraeus"
"235","Callosciurus finlaysonii"
"236","Callosciurus inornatus"
"237","Callosciurus nigrovittatus"
"238","Callosciurus notatus"
"239","Callosciurus prevostii"
"240","Callosciurus pygerythrus"
"241","Callospermophilus lateralis"
"242","Callospermophilus madrensis"
"243","Callospermophilus saturatus"
"244","Calomys boliviae"
"245","Calomys callosus"
"246","Calomys hummelincki"
"247","Calomys laucha"
"248","Calomys lepidus"
"249","Calomys musculinus"
"250","Calomys sorellus"
"251","Calomys tener"
"252","Calomyscus bailwardi"
"253","Calomyscus baluchi"
"254","Caluromys derbianus"
"255","Caluromys lanatus"
"256","Caluromys philander"
"257","Canis adustus"
"258","Canis aureus"
"259","Canis latrans"
"260","Canis lupus"
"261","Canis mesomelas"
"262","Canis rufus"
"263","Canis simensis"
"264","Cannomys badius"
"265","Capra aegagrus"
"266","Capra ibex"
"267","Capra nubiana"
"268","Capra pyrenaica"
"269","Capra sibirica"
"270","Capreolus capreolus"
"271","Capreolus pygargus"
"272","Capricornis crispus"
"273","Capricornis sumatraensis"
"274","Capricornis swinhoei"
"275","Capromys pilorides"
"276","Caracal caracal"
"277","Cardiocranius paradoxus"
"278","Cardioderma cor"
"279","Carollia brevicauda"
"280","Carollia castanea"
"281","Carollia perspicillata"
"282","Carollia sowelli"
"283","Carollia subrufa"
"284","Caryomys eva"
"285","Castor canadensis"
"286","Castor fiber"
"287","Catagonus wagneri"
"288","Catopuma temminckii"
"289","Cavia aperea"
"290","Cavia tschudii"
"291","Cebuella pygmaea"
"292","Cebus albifrons"
"293","Centronycteris centralis"
"294","Centronycteris maximiliani"
"295","Centurio senex"
"296","Cephalophus dorsalis"
"297","Cephalophus harveyi"
"298","Cephalophus jentinki"
"299","Cephalophus natalensis"
"300","Cephalophus niger"
"301","Cephalophus nigrifrons"
"302","Cephalophus rufilatus"
"303","Cephalophus silvicultor"
"304","Cephalophus zebra"
"305","Ceratotherium simum"
"306","Cercartetus caudatus"
"307","Cercartetus concinnus"
"308","Cercartetus lepidus"
"309","Cercartetus nanus"
"310","Cercocebus atys"
"311","Cercocebus torquatus"
"312","Cercopithecus ascanius"
"313","Cercopithecus campbelli"
"314","Cercopithecus cephus"
"315","Cercopithecus diana"
"316","Cercopithecus erythrogaster"
"317","Cercopithecus lowei"
"318","Cercopithecus mitis"
"319","Cercopithecus mona"
"320","Cercopithecus neglectus"
"321","Cercopithecus nictitans"
"322","Cercopithecus petaurista"
"323","Cerdocyon thous"
"324","Cerradomys subflavus"
"325","Cervus canadensis"
"326","Cervus elaphus"
"327","Cervus nippon"
"328","Chaerephon ansorgei"
"329","Chaerephon bivittatus"
"330","Chaerephon chapini"
"331","Chaerephon jobensis"
"332","Chaerephon major"
"333","Chaerephon nigeriae"
"334","Chaerephon plicatus"
"335","Chaerephon pumilus"
"336","Chaetodipus arenarius"
"337","Chaetodipus artus"
"338","Chaetodipus baileyi"
"339","Chaetodipus californicus"
"340","Chaetodipus eremicus"
"341","Chaetodipus fallax"
"342","Chaetodipus formosus"
"343","Chaetodipus goldmani"
"344","Chaetodipus hispidus"
"345","Chaetodipus intermedius"
"346","Chaetodipus lineatus"
"347","Chaetodipus nelsoni"
"348","Chaetodipus penicillatus"
"349","Chaetodipus pernix"
"350","Chaetodipus rudinoris"
"351","Chaetodipus spinatus"
"352","Chaetophractus vellerosus"
"353","Chaetophractus villosus"
"354","Chalinolobus dwyeri"
"355","Chalinolobus gouldii"
"356","Chalinolobus morio"
"357","Chalinolobus nigrogriseus"
"358","Chalinolobus picatus"
"359","Chalinolobus tuberculatus"
"360","Cheirogaleus major"
"361","Cheiromeles torquatus"
"362","Chelemys macronyx"
"363","Chilomys instans"
"364","Chilonatalus micropus"
"365","Chinchilla lanigera"
"366","Chinchillula sahamae"
"367","Chionomys nivalis"
"368","Chiroderma salvini"
"369","Chiroderma trinitatum"
"370","Chiroderma villosum"
"371","Chironax melanocephalus"
"372","Chironectes minimus"
"373","Chiropodomys gliroides"
"374","Chiropotes chiropotes"
"375","Chiropotes satanas"
"376","Chlorocebus aethiops"
"377","Chlorocebus cynosuros"
"378","Chlorocebus pygerythrus"
"379","Chlorocebus sabaeus"
"380","Chlorocebus tantalus"
"381","Choeroniscus godmani"
"382","Choeroniscus minor"
"383","Choeronycteris mexicana"
"384","Choloepus didactylus"
"385","Choloepus hoffmanni"
"386","Chrotomys mindorensis"
"387","Chrotomys whiteheadi"
"388","Chrotopterus auritus"
"389","Chrysochloris asiatica"
"390","Chrysochloris stuhlmanni"
"391","Chrysocyon brachyurus"
"392","Civettictis civetta"
"393","Cloeotis percivali"
"394","Coelops frithii"
"395","Coendou bicolor"
"396","Coendou prehensilis"
"397","Coleura afra"
"398","Colobus angolensis"
"399","Colobus guereza"
"400","Colobus polykomos"
"401","Colobus vellerosus"
"402","Colomys goslingi"
"403","Condylura cristata"
"404","Conepatus chinga"
"405","Conepatus humboldtii"
"406","Conepatus leuconotus"
"407","Conepatus semistriatus"
"408","Conilurus penicillatus"
"409","Connochaetes gnou"
"410","Connochaetes taurinus"
"411","Cormura brevirostris"
"412","Corynorhinus mexicanus"
"413","Corynorhinus rafinesquii"
"414","Corynorhinus townsendii"
"415","Cratogeomys castanops"
"416","Cratogeomys fumosus"
"417","Cratogeomys goldmani"
"418","Cratogeomys merriami"
"419","Cratogeomys perotensis"
"420","Cricetomys emini"
"421","Cricetomys gambianus"
"422","Cricetulus barabensis"
"423","Cricetulus longicaudatus"
"424","Cricetulus migratorius"
"425","Cricetus cricetus"
"426","Crocidura attenuata"
"427","Crocidura beatus"
"428","Crocidura buettikoferi"
"429","Crocidura canariensis"
"430","Crocidura crenata"
"431","Crocidura crossei"
"432","Crocidura cyanea"
"433","Crocidura denti"
"434","Crocidura dolichura"
"435","Crocidura dsinezumi"
"436","Crocidura elgonius"
"437","Crocidura elongata"
"438","Crocidura flavescens"
"439","Crocidura fuliginosa"
"440","Crocidura fulvastra"
"441","Crocidura fumosa"
"442","Crocidura fuscomurina"
"443","Crocidura goliath"
"444","Crocidura gracilipes"
"445","Crocidura grandiceps"
"446","Crocidura grassei"
"447","Crocidura grayi"
"448","Crocidura hildegardeae"
"449","Crocidura hirta"
"450","Crocidura horsfieldii"
"451","Crocidura jacksoni"
"452","Crocidura jouvenetae"
"453","Crocidura lamottei"
"454","Crocidura lasiura"
"455","Crocidura leucodon"
"456","Crocidura luna"
"457","Crocidura mariquensis"
"458","Crocidura maurisca"
"459","Crocidura monticola"
"460","Crocidura montis"
"461","Crocidura muricauda"
"462","Crocidura nanilla"
"463","Crocidura nigripes"
"464","Crocidura nigrofusca"
"465","Crocidura niobe"
"466","Crocidura obscurior"
"467","Crocidura olivieri"
"468","Crocidura parvipes"
"469","Crocidura poensis"
"470","Crocidura rapax"
"471","Crocidura russula"
"472","Crocidura silacea"
"473","Crocidura suaveolens"
"474","Crocidura tanakae"
"475","Crocidura theresae"
"476","Crocidura turba"
"477","Crocidura viaria"
"478","Crocidura vorax"
"479","Crocuta crocuta"
"480","Crossarchus alexandri"
"481","Crossarchus obscurus"
"482","Cryptomys hottentotus"
"483","Cryptoprocta ferox"
"484","Cryptotis alticola"
"485","Cryptotis goldmani"
"486","Cryptotis goodwini"
"487","Cryptotis magna"
"488","Cryptotis mayensis"
"489","Cryptotis merriami"
"490","Cryptotis mexicana"
"491","Cryptotis nigrescens"
"492","Cryptotis obscura"
"493","Cryptotis parva"
"494","Cryptotis peregrina"
"495","Cryptotis thomasi"
"496","Ctenodactylus gundi"
"497","Ctenomys boliviensis"
"498","Ctenomys conoveri"
"499","Ctenomys frater"
"500","Ctenomys haigi"
"501","Ctenomys magellanicus"
"502","Ctenomys maulinus"
"503","Ctenomys mendocinus"
"504","Ctenomys opimus"
"505","Cuniculus paca"
"506","Cuniculus taczanowskii"
"507","Cuon alpinus"
"508","Cyclopes didactylus"
"509","Cynictis penicillata"
"510","Cynocephalus volans"
"511","Cynomops abrasus"
"512","Cynomops greenhalli"
"513","Cynomops mexicanus"
"514","Cynomops paranus"
"515","Cynomops planirostris"
"516","Cynomys gunnisoni"
"517","Cynomys leucurus"
"518","Cynomys ludovicianus"
"519","Cynomys mexicanus"
"520","Cynomys parvidens"
"521","Cynopterus brachyotis"
"522","Cynopterus horsfieldii"
"523","Cynopterus luzoniensis"
"524","Cynopterus sphinx"
"525","Cynopterus titthaecheilus"
"526","Dactylomys boliviensis"
"527","Dactylomys dactylinus"
"528","Dactylopsila trivirgata"
"529","Dama dama"
"530","Damaliscus lunatus"
"531","Damaliscus pygargus"
"532","Dasycercus cristicauda"
"533","Dasykaluta rosamondae"
"534","Dasymys incomtus"
"535","Dasymys rufulus"
"536","Dasyprocta azarae"
"537","Dasyprocta fuliginosa"
"538","Dasyprocta leporina"
"539","Dasyprocta mexicana"
"540","Dasyprocta punctata"
"541","Dasypus hybridus"
"542","Dasypus kappleri"
"543","Dasypus novemcinctus"
"544","Dasypus sabanicola"
"545","Dasypus septemcinctus"
"546","Dasyuroides byrnei"
"547","Dasyurus geoffroii"
"548","Dasyurus hallucatus"
"549","Dasyurus maculatus"
"550","Dasyurus viverrinus"
"551","Delanymys brooksi"
"552","Delomys dorsalis"
"553","Delomys sublineatus"
"554","Dendrogale murina"
"555","Dendrohyrax arboreus"
"556","Dendrohyrax dorsalis"
"557","Dendrohyrax validus"
"558","Dendrolagus lumholtzi"
"559","Dendromus insignis"
"560","Dendromus melanotis"
"561","Dendromus mesomelas"
"562","Dendromus messorius"
"563","Dendromus mystacalis"
"564","Dendromus nyikae"
"565","Deomys ferrugineus"
"566","Dephomys defua"
"567","Dermanura anderseni"
"568","Dermanura azteca"
"569","Dermanura bogotensis"
"570","Dermanura cinerea"
"571","Dermanura glauca"
"572","Dermanura gnoma"
"573","Dermanura phaeotis"
"574","Dermanura tolteca"
"575","Dermanura watsoni"
"576","Desmodilliscus braueri"
"577","Desmodillus auricularis"
"578","Desmodus rotundus"
"579","Desmomys harringtoni"
"580","Diaemus youngi"
"581","Diceros bicornis"
"582","Diclidurus albus"
"583","Diclidurus scutatus"
"584","Dicrostonyx groenlandicus"
"585","Dicrostonyx hudsonius"
"586","Dicrostonyx richardsoni"
"587","Dicrostonyx torquatus"
"588","Didelphis albiventris"
"589","Didelphis aurita"
"590","Didelphis imperfecta"
"591","Didelphis marsupialis"
"592","Didelphis pernigra"
"593","Didelphis virginiana"
"594","Dinomys branickii"
"595","Diphylla ecaudata"
"596","Dipodomys agilis"
"597","Dipodomys californicus"
"598","Dipodomys compactus"
"599","Dipodomys deserti"
"600","Dipodomys elator"
"601","Dipodomys heermanni"
"602","Dipodomys ingens"
"603","Dipodomys merriami"
"604","Dipodomys microps"
"605","Dipodomys nelsoni"
"606","Dipodomys nitratoides"
"607","Dipodomys ordii"
"608","Dipodomys panamintinus"
"609","Dipodomys phillipsii"
"610","Dipodomys simulans"
"611","Dipodomys spectabilis"
"612","Dipodomys stephensi"
"613","Dipodomys venustus"
"614","Dipus sagitta"
"615","Dobsonia moluccensis"
"616","Dobsonia praedatrix"
"617","Dolichotis patagonum"
"618","Dolichotis salinicola"
"619","Dremomys lokriah"
"620","Dremomys pernyi"
"621","Dremomys pyrrhomerus"
"622","Dremomys rufigenis"
"623","Dromiciops gliroides"
"624","Dryomys nitedula"
"625","Echinops telfairi"
"626","Echinosorex gymnura"
"627","Echymipera kalubu"
"628","Echymipera rufescens"
"629","Ectophylla alba"
"630","Eidolon dupreanum"
"631","Eidolon helvum"
"632","Eira barbara"
"633","Elaphodus cephalophus"
"634","Elephantulus brachyrhynchus"
"635","Elephantulus edwardii"
"636","Elephantulus intufi"
"637","Elephantulus myurus"
"638","Elephantulus rozeti"
"639","Elephantulus rufescens"
"640","Elephantulus rupestris"
"641","Elephas maximus"
"642","Eligmodontia moreni"
"643","Eligmodontia morgani"
"644","Eligmodontia puerulus"
"645","Eligmodontia typus"
"646","Eliomys munbyanus"
"647","Eliomys quercinus"
"648","Eliurus minor"
"649","Eliurus myoxinus"
"650","Ellobius fuscocapillus"
"651","Ellobius talpinus"
"652","Ellobius tancrei"
"653","Emballonura alecto"
"654","Emballonura monticola"
"655","Emballonura semicaudata"
"656","Enchisthenes hartii"
"657","Enhydra lutris"
"658","Eonycteris robusta"
"659","Eonycteris spelaea"
"660","Eothenomys melanogaster"
"661","Episoriculus caudatus"
"662","Episoriculus macrurus"
"663","Epixerus ebii"
"664","Epomophorus crypturus"
"665","Epomophorus gambianus"
"666","Epomophorus labiatus"
"667","Epomophorus minimus"
"668","Epomophorus minor"
"669","Epomophorus wahlbergi"
"670","Epomops buettikoferi"
"671","Epomops dobsonii"
"672","Epomops franqueti"
"673","Eptesicus andinus"
"674","Eptesicus bottae"
"675","Eptesicus brasiliensis"
"676","Eptesicus chiriquinus"
"677","Eptesicus diminutus"
"678","Eptesicus furinalis"
"679","Eptesicus fuscus"
"680","Eptesicus gobiensis"
"681","Eptesicus hottentotus"
"682","Eptesicus innoxius"
"683","Eptesicus nilssonii"
"684","Eptesicus serotinus"
"685","Equus ferus"
"686","Equus grevyi"
"687","Equus hemionus"
"688","Equus kiang"
"689","Equus quagga"
"690","Equus zebra"
"691","Erignathus barbatus"
"692","Erinaceus amurensis"
"693","Erinaceus concolor"
"694","Erinaceus europaeus"
"695","Erinaceus roumanicus"
"696","Erophylla bombifrons"
"697","Erophylla sezekorni"
"698","Erythrocebus patas"
"699","Euchoreutes naso"
"700","Euderma maculatum"
"701","Eudorcas rufifrons"
"702","Eudorcas thomsonii"
"703","Eulemur albifrons"
"704","Eulemur fulvus"
"705","Eulemur macaco"
"706","Eulemur mongoz"
"707","Eulemur rubriventer"
"708","Eulemur rufifrons"
"709","Eumetopias jubatus"
"710","Eumops auripendulus"
"711","Eumops bonariensis"
"712","Eumops glaucinus"
"713","Eumops hansae"
"714","Eumops nanus"
"715","Eumops patagonicus"
"716","Eumops perotis"
"717","Eumops trumbulli"
"718","Eumops underwoodi"
"719","Euneomys chinchilloides"
"720","Euoticus elegantulus"
"721","Euphractus sexcinctus"
"722","Euryoryzomys legatus"
"723","Euryoryzomys macconnelli"
"724","Euryoryzomys nitidus"
"725","Euryoryzomys russatus"
"726","Exilisciurus concinnus"
"727","Exilisciurus exilis"
"728","Falsistrellus mackenziei"
"729","Falsistrellus tasmaniensis"
"730","Felis chaus"
"731","Felis margarita"
"732","Felis silvestris"
"733","Funambulus palmarum"
"734","Funambulus pennantii"
"735","Funambulus sublineatus"
"736","Funisciurus anerythrus"
"737","Funisciurus carruthersi"
"738","Funisciurus congicus"
"739","Funisciurus isabella"
"740","Funisciurus lemniscatus"
"741","Funisciurus leucogenys"
"742","Funisciurus pyrropus"
"743","Funisciurus substriatus"
"744","Furipterus horrens"
"745","Galago moholi"
"746","Galago senegalensis"
"747","Galagoides demidoff"
"748","Galagoides zanzibaricus"
"749","Galea musteloides"
"750","Galea spixii"
"751","Galemys pyrenaicus"
"752","Galeopterus variegatus"
"753","Galictis cuja"
"754","Galictis vittata"
"755","Galidia elegans"
"756","Gazella bennettii"
"757","Gazella dorcas"
"758","Gazella gazella"
"759","Gazella leptoceros"
"760","Gazella subgutturosa"
"761","Genetta genetta"
"762","Genetta maculata"
"763","Genetta pardina"
"764","Genetta servalina"
"765","Genetta thierryi"
"766","Genetta tigrina"
"767","Geomys arenarius"
"768","Geomys attwateri"
"769","Geomys breviceps"
"770","Geomys bursarius"
"771","Geomys knoxjonesi"
"772","Geomys personatus"
"773","Geomys pinetis"
"774","Geomys texensis"
"775","Georychus capensis"
"776","Geoxus valdivianus"
"777","Gerbilliscus afra"
"778","Gerbilliscus boehmi"
"779","Gerbilliscus brantsii"
"780","Gerbilliscus guineae"
"781","Gerbilliscus leucogaster"
"782","Gerbilliscus nigricaudus"
"783","Gerbilliscus robustus"
"784","Gerbilliscus validus"
"785","Gerbillurus paeba"
"786","Gerbillurus setzeri"
"787","Gerbillurus vallinus"
"788","Gerbillus amoenus"
"789","Gerbillus andersoni"
"790","Gerbillus campestris"
"791","Gerbillus cheesmani"
"792","Gerbillus dasyurus"
"793","Gerbillus gerbillus"
"794","Gerbillus henleyi"
"795","Gerbillus latastei"
"796","Gerbillus nanus"
"797","Gerbillus nigeriae"
"798","Gerbillus perpallidus"
"799","Gerbillus pyramidum"
"800","Gerbillus tarabuli"
"801","Giraffa camelopardalis"
"802","Glaucomys sabrinus"
"803","Glaucomys volans"
"804","Glauconycteris argentata"
"805","Glauconycteris beatrix"
"806","Glauconycteris poensis"
"807","Glauconycteris variegata"
"808","Glis glis"
"809","Glischropus tylopus"
"810","Glossophaga commissarisi"
"811","Glossophaga leachii"
"812","Glossophaga longirostris"
"813","Glossophaga morenoi"
"814","Glossophaga soricina"
"815","Glyphonycteris daviesi"
"816","Glyphonycteris sylvestris"
"817","Golunda ellioti"
"818","Gorilla beringei"
"819","Gorilla gorilla"
"820","Gracilinanus agilis"
"821","Gracilinanus microtarsus"
"822","Grammomys dolichurus"
"823","Grammomys dryas"
"824","Grammomys ibeanus"
"825","Grammomys kuru"
"826","Grammomys macmillani"
"827","Graomys domorum"
"828","Graomys griseoflavus"
"829","Graphiurus christyi"
"830","Graphiurus crassicaudatus"
"831","Graphiurus kelleni"
"832","Graphiurus lorraineus"
"833","Graphiurus microtis"
"834","Graphiurus murinus"
"835","Graphiurus nagtglasii"
"836","Gulo gulo"
"837","Gymnobelideus leadbeateri"
"838","Habromys lepturus"
"839","Habromys lophurus"
"840","Halichoerus grypus"
"841","Hapalemur griseus"
"842","Haplonycteris fischeri"
"843","Harpiocephalus harpia"
"844","Harpyionycteris whiteheadi"
"845","Heimyscus fumosus"
"846","Helarctos malayanus"
"847","Heliophobius argenteocinereus"
"848","Heliosciurus gambianus"
"849","Heliosciurus mutabilis"
"850","Heliosciurus punctatus"
"851","Heliosciurus rufobrachium"
"852","Heliosciurus ruwenzorii"
"853","Heliosciurus undulatus"
"854","Helogale parvula"
"855","Hemibelideus lemuroides"
"856","Hemicentetes semispinosus"
"857","Hemiechinus auritus"
"858","Hemigalus derbyanus"
"859","Hemitragus jemlahicus"
"860","Herpailurus yagouaroundi"
"861","Herpestes auropunctatus"
"862","Herpestes brachyurus"
"863","Herpestes ichneumon"
"864","Herpestes javanicus"
"865","Herpestes naso"
"866","Herpestes pulverulentus"
"867","Herpestes sanguineus"
"868","Herpestes smithii"
"869","Herpestes urva"
"870","Herpestes vitticollis"
"871","Hesperoptenus tickelli"
"872","Heterocephalus glaber"
"873","Heterohyrax brucei"
"874","Heteromys anomalus"
"875","Heteromys australis"
"876","Heteromys desmarestianus"
"877","Heteromys gaumeri"
"878","Heteromys nelsoni"
"879","Hippocamelus antisensis"
"880","Hippocamelus bisulcus"
"881","Hippopotamus amphibius"
"882","Hipposideros abae"
"883","Hipposideros armiger"
"884","Hipposideros ater"
"885","Hipposideros beatus"
"886","Hipposideros bicolor"
"887","Hipposideros caffer"
"888","Hipposideros calcaratus"
"889","Hipposideros cervinus"
"890","Hipposideros cineraceus"
"891","Hipposideros cyclops"
"892","Hipposideros diadema"
"893","Hipposideros dyacorum"
"894","Hipposideros fuliginosus"
"895","Hipposideros galeritus"
"896","Hipposideros gigas"
"897","Hipposideros inornatus"
"898","Hipposideros jonesi"
"899","Hipposideros lankadiva"
"900","Hipposideros larvatus"
"901","Hipposideros lekaguli"
"902","Hipposideros lylei"
"903","Hipposideros obscurus"
"904","Hipposideros pomona"
"905","Hipposideros pygmaeus"
"906","Hipposideros ruber"
"907","Hipposideros semoni"
"908","Hipposideros stenotis"
"909","Hipposideros vittatus"
"910","Hippotragus equinus"
"911","Hippotragus niger"
"912","Histiotus macrotus"
"913","Histiotus montanus"
"914","Histiotus velatus"
"915","Histriophoca fasciata"
"916","Hodomys alleni"
"917","Holochilus brasiliensis"
"918","Holochilus chacarius"
"919","Holochilus sciureus"
"920","Hoolock hoolock"
"921","Hoplomys gymnurus"
"922","Hyaena hyaena"
"923","Hybomys lunaris"
"924","Hybomys planifrons"
"925","Hybomys trivirgatus"
"926","Hybomys univittatus"
"927","Hydrictis maculicollis"
"928","Hydrochoerus hydrochaeris"
"929","Hydrochoerus isthmius"
"930","Hydromys chrysogaster"
"931","Hydropotes inermis"
"932","Hydrurga leptonyx"
"933","Hyemoschus aquaticus"
"934","Hylaeamys megacephalus"
"935","Hylaeamys perenensis"
"936","Hylaeamys yunganus"
"937","Hylobates agilis"
"938","Hylobates lar"
"939","Hylobates muelleri"
"940","Hylobates pileatus"
"941","Hylochoerus meinertzhageni"
"942","Hylomys suillus"
"943","Hylomyscus aeta"
"944","Hylomyscus alleni"
"945","Hylomyscus denniae"
"946","Hylomyscus parvus"
"947","Hylomyscus stella"
"948","Hylonycteris underwoodi"
"949","Hylopetes alboniger"
"950","Hylopetes nigripes"
"951","Hylopetes spadiceus"
"952","Hypsignathus monstrosus"
"953","Hypsiprymnodon moschatus"
"954","Hypsugo savii"
"955","Hystrix africaeaustralis"
"956","Hystrix brachyura"
"957","Hystrix cristata"
"958","Hystrix indica"
"959","Ia io"
"960","Ichneumia albicauda"
"961","Ictidomys mexicanus"
"962","Ictidomys tridecemlineatus"
"963","Ictonyx libycus"
"964","Ictonyx striatus"
"965","Idionycteris phyllotis"
"966","Idiurus macrotis"
"967","Idiurus zenkeri"
"968","Indri indri"
"969","Irenomys tarsalis"
"970","Isoodon auratus"
"971","Isoodon macrourus"
"972","Isoodon obesulus"
"973","Isothrix bistriata"
"974","Jaculus blanfordi"
"975","Jaculus jaculus"
"976","Jaculus orientalis"
"977","Kannabateomys amblyonyx"
"978","Kerivoula argentata"
"979","Kerivoula hardwickii"
"980","Kerivoula kachinensis"
"981","Kerivoula lanosa"
"982","Kerivoula minuta"
"983","Kerivoula papillosa"
"984","Kerivoula pellucida"
"985","Kerivoula titania"
"986","Kerivoula whiteheadi"
"987","Kobus ellipsiprymnus"
"988","Kobus kob"
"989","Kobus leche"
"990","Kobus megaceros"
"991","Kobus vardonii"
"992","Lagidium viscacia"
"993","Lagorchestes conspicillatus"
"994","Lagorchestes hirsutus"
"995","Lagostomus maximus"
"996","Lagothrix cana"
"997","Lagothrix lugens"
"998","Lagothrix poeppigii"
"999","Lama guanicoe"
"1000","Lampronycteris brachyotis"
"1001","Lariscus insignis"
"1002","Lasionycteris noctivagans"
"1003","Lasiorhinus latifrons"
"1004","Lasiurus blossevillii"
"1005","Lasiurus borealis"
"1006","Lasiurus cinereus"
"1007","Lasiurus ega"
"1008","Lasiurus intermedius"
"1009","Lasiurus seminolus"
"1010","Lasiurus varius"
"1011","Lasiurus xanthinus"
"1012","Lavia frons"
"1013","Leggadina forresti"
"1014","Leggadina lakedownensis"
"1015","Lemmiscus curtatus"
"1016","Lemmus lemmus"
"1017","Lemmus sibiricus"
"1018","Lemmus trimucronatus"
"1019","Lemniscomys barbarus"
"1020","Lemniscomys bellieri"
"1021","Lemniscomys griselda"
"1022","Lemniscomys linulus"
"1023","Lemniscomys macculus"
"1024","Lemniscomys rosalia"
"1025","Lemniscomys striatus"
"1026","Lemniscomys zebra"
"1027","Lemur catta"
"1028","Leopardus colocolo"
"1029","Leopardus geoffroyi"
"1030","Leopardus guigna"
"1031","Leopardus pardalis"
"1032","Leopardus tigrinus"
"1033","Leopardus wiedii"
"1034","Leopoldamys edwardsi"
"1035","Leopoldamys sabanus"
"1036","Lepilemur mustelinus"
"1037","Leporillus apicalis"
"1038","Leporillus conditor"
"1039","Leptailurus serval"
"1040","Leptonychotes weddellii"
"1041","Leptonycteris curasoae"
"1042","Leptonycteris nivalis"
"1043","Leptonycteris yerbabuenae"
"1044","Lepus alleni"
"1045","Lepus americanus"
"1046","Lepus arcticus"
"1047","Lepus brachyurus"
"1048","Lepus californicus"
"1049","Lepus callotis"
"1050","Lepus capensis"
"1051","Lepus castroviejoi"
"1052","Lepus europaeus"
"1053","Lepus flavigularis"
"1054","Lepus granatensis"
"1055","Lepus nigricollis"
"1056","Lepus oiostolus"
"1057","Lepus othus"
"1058","Lepus saxatilis"
"1059","Lepus sinensis"
"1060","Lepus timidus"
"1061","Lepus tolai"
"1062","Lepus townsendii"
"1063","Lepus victoriae"
"1064","Lestodelphys halli"
"1065","Lestoros inca"
"1066","Lichonycteris obscura"
"1067","Lionycteris spurrelli"
"1068","Lissonycteris angolensis"
"1069","Litocranius walleri"
"1070","Lobodon carcinophaga"
"1071","Lonchophylla concava"
"1072","Lonchophylla handleyi"
"1073","Lonchophylla hesperia"
"1074","Lonchophylla mordax"
"1075","Lonchophylla robusta"
"1076","Lonchophylla thomasi"
"1077","Lonchorhina aurita"
"1078","Lonchorhina inusitata"
"1079","Lonchorhina orinocensis"
"1080","Lontra canadensis"
"1081","Lontra felina"
"1082","Lontra longicaudis"
"1083","Lontra provocax"
"1084","Lophocebus albigena"
"1085","Lophostoma brasiliense"
"1086","Lophostoma carrikeri"
"1087","Lophostoma evotis"
"1088","Lophostoma schulzi"
"1089","Lophostoma silvicolum"
"1090","Lophuromys flavopunctatus"
"1091","Lophuromys nudicaudus"
"1092","Lophuromys rahmi"
"1093","Lophuromys sikapusi"
"1094","Lophuromys woosnami"
"1095","Loris tardigradus"
"1096","Loxodonta africana"
"1097","Loxodontomys micropus"
"1098","Lutra lutra"
"1099","Lutreolina crassicaudata"
"1100","Lutrogale perspicillata"
"1101","Lycalopex culpaeus"
"1102","Lycalopex griseus"
"1103","Lycalopex gymnocercus"
"1104","Lycalopex sechurae"
"1105","Lycaon pictus"
"1106","Lynx canadensis"
"1107","Lynx lynx"
"1108","Lynx pardinus"
"1109","Lynx rufus"
"1110","Macaca arctoides"
"1111","Macaca assamensis"
"1112","Macaca cyclopis"
"1113","Macaca fascicularis"
"1114","Macaca fuscata"
"1115","Macaca leonina"
"1116","Macaca mulatta"
"1117","Macaca nemestrina"
"1118","Macaca radiata"
"1119","Macaca sinica"
"1120","Macaca sylvanus"
"1121","Macaca thibetana"
"1122","Macroderma gigas"
"1123","Macroglossus minimus"
"1124","Macroglossus sobrinus"
"1125","Macrophyllum macrophyllum"
"1126","Macropus agilis"
"1127","Macropus antilopinus"
"1128","Macropus eugenii"
"1129","Macropus fuliginosus"
"1130","Macropus giganteus"
"1131","Macropus irma"
"1132","Macropus parma"
"1133","Macropus parryi"
"1134","Macropus robustus"
"1135","Macropus rufogriseus"
"1136","Macropus rufus"
"1137","Macroscelides proboscideus"
"1138","Macrotis lagotis"
"1139","Macrotus californicus"
"1140","Macrotus waterhousii"
"1141","Madoqua guentheri"
"1142","Madoqua kirkii"
"1143","Madoqua saltiana"
"1144","Makalata didelphoides"
"1145","Makalata macrura"
"1146","Malacomys cansdalei"
"1147","Malacomys edwardsi"
"1148","Malacomys longipes"
"1149","Malacothrix typica"
"1150","Mandrillus leucophaeus"
"1151","Manis javanica"
"1152","Manis pentadactyla"
"1153","Marmosa demerarae"
"1154","Marmosa lepida"
"1155","Marmosa mexicana"
"1156","Marmosa murina"
"1157","Marmosa regina"
"1158","Marmosa robinsoni"
"1159","Marmosops bishopi"
"1160","Marmosops fuscatus"
"1161","Marmosops impavidus"
"1162","Marmosops incanus"
"1163","Marmosops noctivagus"
"1164","Marmosops parvidens"
"1165","Marmota baibacina"
"1166","Marmota bobak"
"1167","Marmota broweri"
"1168","Marmota caligata"
"1169","Marmota flaviventris"
"1170","Marmota himalayana"
"1171","Marmota marmota"
"1172","Marmota monax"
"1173","Marmota sibirica"
"1174","Martes americana"
"1175","Martes flavigula"
"1176","Martes foina"
"1177","Martes martes"
"1178","Martes melampus"
"1179","Martes pennanti"
"1180","Martes zibellina"
"1181","Mastacomys fuscus"
"1182","Mastomys coucha"
"1183","Mastomys erythroleucus"
"1184","Mastomys huberti"
"1185","Mastomys natalensis"
"1186","Maxomys hellwaldii"
"1187","Maxomys musschenbroekii"
"1188","Maxomys panglima"
"1189","Maxomys rajah"
"1190","Maxomys surifer"
"1191","Maxomys whiteheadi"
"1192","Mazama americana"
"1193","Mazama gouazoubira"
"1194","Mazama nemorivaga"
"1195","Mazama pandora"
"1196","Mazama rufina"
"1197","Mazama temama"
"1198","Megaderma lyra"
"1199","Megaderma spasma"
"1200","Megadontomys cryophilus"
"1201","Megadontomys thomasi"
"1202","Megaerops ecaudatus"
"1203","Megaerops niphanae"
"1204","Megaerops wetmorei"
"1205","Megaloglossus woermanni"
"1206","Megasorex gigas"
"1207","Melanomys caliginosus"
"1208","Meles leucurus"
"1209","Meles meles"
"1210","Mellivora capensis"
"1211","Melogale moschata"
"1212","Melomys burtoni"
"1213","Melomys capensis"
"1214","Melomys cervinipes"
"1215","Melomys rufescens"
"1216","Melursus ursinus"
"1217","Menetes berdmorei"
"1218","Mephitis macroura"
"1219","Mephitis mephitis"
"1220","Meriones crassus"
"1221","Meriones grandis"
"1222","Meriones hurrianae"
"1223","Meriones libycus"
"1224","Meriones meridianus"
"1225","Meriones persicus"
"1226","Meriones rex"
"1227","Meriones shawi"
"1228","Meriones tamariscinus"
"1229","Meriones tristrami"
"1230","Meriones unguiculatus"
"1231","Meriones vinogradovi"
"1232","Mesembriomys gouldii"
"1233","Mesembriomys macrurus"
"1234","Mesocricetus auratus"
"1235","Mesocricetus newtoni"
"1236","Mesomys hispidus"
"1237","Mesophylla macconnelli"
"1238","Metachirus nudicaudatus"
"1239","Micaelamys namaquensis"
"1240","Mico argentatus"
"1241","Mico melanurus"
"1242","Microcavia australis"
"1243","Microcebus murinus"
"1244","Microcebus rufus"
"1245","Microdipodops megacephalus"
"1246","Microdipodops pallidus"
"1247","Microgale cowani"
"1248","Microgale parvula"
"1249","Microgale talazaci"
"1250","Micromys minutus"
"1251","Micronycteris hirsuta"
"1252","Micronycteris megalotis"
"1253","Micronycteris microtis"
"1254","Micronycteris minuta"
"1255","Micronycteris schmidtorum"
"1256","Micropteropus pusillus"
"1257","Microryzomys altissimus"
"1258","Microryzomys minutus"
"1259","Microsciurus alfari"
"1260","Microsciurus flaviventer"
"1261","Microsciurus mimulus"
"1262","Microtus agrestis"
"1263","Microtus arvalis"
"1264","Microtus cabrerae"
"1265","Microtus californicus"
"1266","Microtus canicaudus"
"1267","Microtus chrotorrhinus"
"1268","Microtus daghestanicus"
"1269","Microtus duodecimcostatus"
"1270","Microtus fortis"
"1271","Microtus gerbei"
"1272","Microtus gregalis"
"1273","Microtus levis"
"1274","Microtus longicaudus"
"1275","Microtus lusitanicus"
"1276","Microtus maximowiczii"
"1277","Microtus mexicanus"
"1278","Microtus miurus"
"1279","Microtus mongolicus"
"1280","Microtus montanus"
"1281","Microtus montebelli"
"1282","Microtus multiplex"
"1283","Microtus ochrogaster"
"1284","Microtus oeconomus"
"1285","Microtus oregoni"
"1286","Microtus pennsylvanicus"
"1287","Microtus pinetorum"
"1288","Microtus quasiater"
"1289","Microtus richardsoni"
"1290","Microtus savii"
"1291","Microtus socialis"
"1292","Microtus subterraneus"
"1293","Microtus townsendii"
"1294","Microtus xanthognathus"
"1295","Millardia meltada"
"1296","Mimetillus moloneyi"
"1297","Mimon bennettii"
"1298","Mimon cozumelae"
"1299","Mimon crenulatum"
"1300","Miniopterus australis"
"1301","Miniopterus fraterculus"
"1302","Miniopterus inflatus"
"1303","Miniopterus magnater"
"1304","Miniopterus manavi"
"1305","Miniopterus medius"
"1306","Miniopterus minor"
"1307","Miniopterus natalensis"
"1308","Miniopterus paululus"
"1309","Miniopterus pusillus"
"1310","Miniopterus schreibersii"
"1311","Miniopterus tristis"
"1312","Miopithecus talapoin"
"1313","Mirounga angustirostris"
"1314","Mirounga leonina"
"1315","Mogera insularis"
"1316","Mogera robusta"
"1317","Mogera wogura"
"1318","Molossops mattogrossensis"
"1319","Molossops temminckii"
"1320","Molossus aztecus"
"1321","Molossus bondae"
"1322","Molossus coibensis"
"1323","Molossus currentium"
"1324","Molossus molossus"
"1325","Molossus pretiosus"
"1326","Molossus rufus"
"1327","Molossus sinaloae"
"1328","Monachus monachus"
"1329","Monodelphis adusta"
"1330","Monodelphis americana"
"1331","Monodelphis brevicaudata"
"1332","Monodelphis dimidiata"
"1333","Monodelphis domestica"
"1334","Monodelphis glirina"
"1335","Monodelphis iheringi"
"1336","Monodelphis palliolata"
"1337","Monophyllus plethodon"
"1338","Monophyllus redmani"
"1339","Mops brachypterus"
"1340","Mops condylurus"
"1341","Mops demonstrator"
"1342","Mops midas"
"1343","Mops nanulus"
"1344","Mops niveiventer"
"1345","Mops spurrelli"
"1346","Mops thersites"
"1347","Mormoops megalophylla"
"1348","Mormopterus beccarii"
"1349","Mormopterus eleryi"
"1350","Mormopterus jugularis"
"1351","Mormopterus loriae"
"1352","Mormopterus lumsdenae"
"1353","Mormopterus norfolkensis"
"1354","Mormopterus petersi"
"1355","Mormopterus planiceps"
"1356","Mormopterus ridei"
"1357","Mosia nigrescens"
"1358","Mungos mungo"
"1359","Muntiacus muntjak"
"1360","Muntiacus reevesi"
"1361","Murina aurata"
"1362","Murina cyclotis"
"1363","Murina florium"
"1364","Murina hilgendorfi"
"1365","Murina puta"
"1366","Murina suilla"
"1367","Murina tubinaris"
"1368","Mus baoulei"
"1369","Mus booduga"
"1370","Mus bufo"
"1371","Mus caroli"
"1372","Mus cervicolor"
"1373","Mus cookii"
"1374","Mus haussa"
"1375","Mus indutus"
"1376","Mus macedonicus"
"1377","Mus mahomet"
"1378","Mus mattheyi"
"1379","Mus minutoides"
"1380","Mus musculoides"
"1381","Mus musculus"
"1382","Mus pahari"
"1383","Mus setulosus"
"1384","Mus sorella"
"1385","Mus spicilegus"
"1386","Mus spretus"
"1387","Mus tenellus"
"1388","Mus triton"
"1389","Muscardinus avellanarius"
"1390","Musonycteris harrisoni"
"1391","Mustela altaica"
"1392","Mustela erminea"
"1393","Mustela eversmanii"
"1394","Mustela frenata"
"1395","Mustela itatsi"
"1396","Mustela kathiah"
"1397","Mustela lutreola"
"1398","Mustela nigripes"
"1399","Mustela nivalis"
"1400","Mustela putorius"
"1401","Mustela sibirica"
"1402","Mylomys dybowskii"
"1403","Myocastor coypus"
"1404","Myodes californicus"
"1405","Myodes gapperi"
"1406","Myodes glareolus"
"1407","Myodes rufocanus"
"1408","Myodes rutilus"
"1409","Myodes smithii"
"1410","Myomyscus brockmani"
"1411","Myomyscus verreauxii"
"1412","Myonycteris torquata"
"1413","Myoprocta acouchy"
"1414","Myoprocta pratti"
"1415","Myopus schisticolor"
"1416","Myosorex cafer"
"1417","Myosorex kihaulei"
"1418","Myosorex varius"
"1419","Myotis adversus"
"1420","Myotis albescens"
"1421","Myotis alcathoe"
"1422","Myotis atacamensis"
"1423","Myotis ater"
"1424","Myotis aurascens"
"1425","Myotis auriculus"
"1426","Myotis austroriparius"
"1427","Myotis bechsteinii"
"1428","Myotis blythii"
"1429","Myotis bocagii"
"1430","Myotis brandtii"
"1431","Myotis californicus"
"1432","Myotis capaccinii"
"1433","Myotis chiloensis"
"1434","Myotis ciliolabrum"
"1435","Myotis dasycneme"
"1436","Myotis daubentonii"
"1437","Myotis dinellii"
"1438","Myotis elegans"
"1439","Myotis emarginatus"
"1440","Myotis escalerai"
"1441","Myotis evotis"
"1442","Myotis formosus"
"1443","Myotis fortidens"
"1444","Myotis goudoti"
"1445","Myotis grisescens"
"1446","Myotis horsfieldii"
"1447","Myotis ikonnikovi"
"1448","Myotis keaysi"
"1449","Myotis keenii"
"1450","Myotis laniger"
"1451","Myotis leibii"
"1452","Myotis levis"
"1453","Myotis lucifugus"
"1454","Myotis macrodactylus"
"1455","Myotis macropus"
"1456","Myotis macrotarsus"
"1457","Myotis melanorhinus"
"1458","Myotis muricola"
"1459","Myotis myotis"
"1460","Myotis mystacinus"
"1461","Myotis nattereri"
"1462","Myotis nigricans"
"1463","Myotis occultus"
"1464","Myotis oxyotus"
"1465","Myotis peninsularis"
"1466","Myotis punicus"
"1467","Myotis riparius"
"1468","Myotis ruber"
"1469","Myotis septentrionalis"
"1470","Myotis siligorensis"
"1471","Myotis simus"
"1472","Myotis sodalis"
"1473","Myotis thysanodes"
"1474","Myotis tricolor"
"1475","Myotis velifer"
"1476","Myotis vivesi"
"1477","Myotis volans"
"1478","Myotis welwitschii"
"1479","Myotis yumanensis"
"1480","Myrmecobius fasciatus"
"1481","Myrmecophaga tridactyla"
"1482","Mystacina tuberculata"
"1483","Mystromys albicaudatus"
"1484","Naemorhedus goral"
"1485","Nandinia binotata"
"1486","Nanger granti"
"1487","Nanger soemmerringii"
"1488","Nannospalax leucodon"
"1489","Nanonycteris veldkampii"
"1490","Napaeozapus insignis"
"1491","Nasalis larvatus"
"1492","Nasua narica"
"1493","Nasua nasua"
"1494","Nasuella olivacea"
"1495","Natalus mexicanus"
"1496","Natalus stramineus"
"1497","Natalus tumidirostris"
"1498","Neacomys guianae"
"1499","Neacomys spinosus"
"1500","Neacomys tenuipes"
"1501","Necromys amoenus"
"1502","Necromys lactens"
"1503","Necromys lasiurus"
"1504","Necromys lenguarum"
"1505","Necromys obscurus"
"1506","Necromys temchuki"
"1507","Necromys urichi"
"1508","Nectomys apicalis"
"1509","Nectomys rattus"
"1510","Nectomys squamipes"
"1511","Nelsonia neotomodon"
"1512","Neodon sikimensis"
"1513","Neofelis nebulosa"
"1514","Neofiber alleni"
"1515","Neomonachus schauinslandi"
"1516","Neomys anomalus"
"1517","Neomys fodiens"
"1518","Neophoca cinerea"
"1519","Neoromicia brunnea"
"1520","Neoromicia capensis"
"1521","Neoromicia guineensis"
"1522","Neoromicia helios"
"1523","Neoromicia nana"
"1524","Neoromicia rendalli"
"1525","Neoromicia somalica"
"1526","Neoromicia tenuipinnis"
"1527","Neoromicia zuluensis"
"1528","Neotamias amoenus"
"1529","Neotamias dorsalis"
"1530","Neotamias merriami"
"1531","Neotamias minimus"
"1532","Neotamias obscurus"
"1533","Neotamias ochrogenys"
"1534","Neotamias quadrimaculatus"
"1535","Neotamias quadrivittatus"
"1536","Neotamias ruficaudus"
"1537","Neotamias rufus"
"1538","Neotamias senex"
"1539","Neotamias siskiyou"
"1540","Neotamias sonomae"
"1541","Neotamias speciosus"
"1542","Neotamias townsendii"
"1543","Neotamias umbrinus"
"1544","Neotetracus sinensis"
"1545","Neotoma albigula"
"1546","Neotoma bryanti"
"1547","Neotoma cinerea"
"1548","Neotoma devia"
"1549","Neotoma floridana"
"1550","Neotoma fuscipes"
"1551","Neotoma goldmani"
"1552","Neotoma lepida"
"1553","Neotoma leucodon"
"1554","Neotoma macrotis"
"1555","Neotoma magister"
"1556","Neotoma mexicana"
"1557","Neotoma micropus"
"1558","Neotoma phenax"
"1559","Neotoma stephensi"
"1560","Neotomodon alstoni"
"1561","Neotomys ebriosus"
"1562","Neotragus batesi"
"1563","Neotragus pygmaeus"
"1564","Neovison vison"
"1565","Nephelomys albigularis"
"1566","Nephelomys devius"
"1567","Nephelomys keaysi"
"1568","Nephelomys levipes"
"1569","Nesokia indica"
"1570","Nesomys rufus"
"1571","Neurotrichus gibbsii"
"1572","Ningaui ridei"
"1573","Ningaui timealeyi"
"1574","Niviventer confucianus"
"1575","Niviventer coninga"
"1576","Niviventer cremoriventer"
"1577","Niviventer eha"
"1578","Niviventer fulvescens"
"1579","Niviventer rapit"
"1580","Noctilio albiventris"
"1581","Noctilio leporinus"
"1582","Nomascus leucogenys"
"1583","Notiosorex crawfordi"
"1584","Notiosorex evotis"
"1585","Notocitellus adocetus"
"1586","Notocitellus annulatus"
"1587","Notomys alexis"
"1588","Notomys aquilo"
"1589","Notomys cervinus"
"1590","Notomys fuscus"
"1591","Notomys mitchellii"
"1592","Notoryctes caurinus"
"1593","Notoryctes typhlops"
"1594","Nyctalus azoreum"
"1595","Nyctalus lasiopterus"
"1596","Nyctalus leisleri"
"1597","Nyctalus noctula"
"1598","Nyctalus plancyi"
"1599","Nyctereutes procyonoides"
"1600","Nycteris arge"
"1601","Nycteris gambiensis"
"1602","Nycteris grandis"
"1603","Nycteris hispida"
"1604","Nycteris macrotis"
"1605","Nycteris nana"
"1606","Nycteris thebaica"
"1607","Nycteris tragata"
"1608","Nycteris woodi"
"1609","Nycticebus coucang"
"1610","Nycticebus pygmaeus"
"1611","Nycticeius humeralis"
"1612","Nyctiellus lepidus"
"1613","Nyctimene albiventer"
"1614","Nyctimene cephalotes"
"1615","Nyctimene robinsoni"
"1616","Nyctinomops aurispinosus"
"1617","Nyctinomops femorosaccus"
"1618","Nyctinomops laticaudatus"
"1619","Nyctinomops macrotis"
"1620","Nyctomys sumichrasti"
"1621","Nyctophilus arnhemensis"
"1622","Nyctophilus bifax"
"1623","Nyctophilus geoffroyi"
"1624","Nyctophilus gouldi"
"1625","Nyctophilus walkeri"
"1626","Ochotona alpina"
"1627","Ochotona collaris"
"1628","Ochotona curzoniae"
"1629","Ochotona dauurica"
"1630","Ochotona hyperborea"
"1631","Ochotona macrotis"
"1632","Ochotona princeps"
"1633","Ochotona roylei"
"1634","Ochotona rufescens"
"1635","Ochotona thibetana"
"1636","Ochrotomys nuttalli"
"1637","Octodon degus"
"1638","Octodontomys gliroides"
"1639","Odobenus rosmarus"
"1640","Odocoileus hemionus"
"1641","Odocoileus virginianus"
"1642","Oecomys auyantepui"
"1643","Oecomys bicolor"
"1644","Oecomys concolor"
"1645","Oecomys flavicans"
"1646","Oecomys mamorae"
"1647","Oecomys paricola"
"1648","Oecomys roberti"
"1649","Oecomys rutilus"
"1650","Oecomys speciosus"
"1651","Oecomys superans"
"1652","Oecomys trinitatis"
"1653","Oenomys hypoxanthus"
"1654","Oligoryzomys andinus"
"1655","Oligoryzomys chacoensis"
"1656","Oligoryzomys destructor"
"1657","Oligoryzomys eliurus"
"1658","Oligoryzomys flavescens"
"1659","Oligoryzomys fulvescens"
"1660","Oligoryzomys longicaudatus"
"1661","Oligoryzomys magellanicus"
"1662","Oligoryzomys microtis"
"1663","Oligoryzomys nigripes"
"1664","Ondatra zibethicus"
"1665","Onychogalea fraenata"
"1666","Onychogalea unguifera"
"1667","Onychomys arenicola"
"1668","Onychomys leucogaster"
"1669","Onychomys torridus"
"1670","Orcaella heinsohni"
"1671","Oreamnos americanus"
"1672","Oreotragus oreotragus"
"1673","Ornithorhynchus anatinus"
"1674","Orthogeomys grandis"
"1675","Orthogeomys hispidus"
"1676","Orycteropus afer"
"1677","Oryctolagus cuniculus"
"1678","Oryx beisa"
"1679","Oryx gazella"
"1680","Oryzomys couesi"
"1681","Oryzomys palustris"
"1682","Osgoodomys banderanus"
"1683","Otaria byronia"
"1684","Otocyon megalotis"
"1685","Otolemur crassicaudatus"
"1686","Otolemur garnettii"
"1687","Otomops martiensseni"
"1688","Otomys angoniensis"
"1689","Otomys denti"
"1690","Otomys irroratus"
"1691","Otomys tropicalis"
"1692","Otomys typus"
"1693","Otomys unisulcatus"
"1694","Otonycteris hemprichii"
"1695","Otonyctomys hatti"
"1696","Otopteropus cartilagonodus"
"1697","Otospermophilus beecheyi"
"1698","Otospermophilus variegatus"
"1699","Ototylomys phyllotis"
"1700","Ourebia ourebi"
"1701","Ovibos moschatus"
"1702","Ovis ammon"
"1703","Ovis canadensis"
"1704","Ovis dalli"
"1705","Ovis orientalis"
"1706","Oxymycterus hispidus"
"1707","Oxymycterus inca"
"1708","Oxymycterus paramensis"
"1709","Oxymycterus roberti"
"1710","Oxymycterus rufus"
"1711","Ozotoceros bezoarticus"
"1712","Pachyuromys duprasi"
"1713","Pagophilus groenlandicus"
"1714","Paguma larvata"
"1715","Pan troglodytes"
"1716","Panthera leo"
"1717","Panthera onca"
"1718","Panthera pardus"
"1719","Panthera tigris"
"1720","Panthera uncia"
"1721","Papio anubis"
"1722","Papio cynocephalus"
"1723","Papio hamadryas"
"1724","Papio kindae"
"1725","Papio papio"
"1726","Papio ursinus"
"1727","Pappogeomys bulleri"
"1728","Paracrocidura schoutedeni"
"1729","Paracynictis selousi"
"1730","Paradoxurus hermaphroditus"
"1731","Paraechinus aethiopicus"
"1732","Paraechinus hypomelas"
"1733","Parahyaena brunnea"
"1734","Paramelomys platyops"
"1735","Paramelomys rubex"
"1736","Parantechinus apicalis"
"1737","Paranyctimene raptor"
"1738","Parascalops breweri"
"1739","Paraxerus alexandri"
"1740","Paraxerus boehmi"
"1741","Paraxerus cepapi"
"1742","Paraxerus lucifer"
"1743","Paraxerus ochraceus"
"1744","Paraxerus palliatus"
"1745","Paraxerus poensis"
"1746","Paraxerus vexillarius"
"1747","Paremballonura atrata"
"1748","Parotomys brantsii"
"1749","Parotomys littledalei"
"1750","Paruromys dominator"
"1751","Pecari tajacu"
"1752","Pedetes capensis"
"1753","Pedetes surdaster"
"1754","Pelea capreolus"
"1755","Pelomys campanae"
"1756","Pelomys fallax"
"1757","Pelomys minor"
"1758","Penthetor lucasi"
"1759","Perameles bougainville"
"1760","Perameles gunnii"
"1761","Perameles nasuta"
"1762","Perodicticus edwardsi"
"1763","Perodicticus ibeanus"
"1764","Perodicticus potto"
"1765","Perognathus amplus"
"1766","Perognathus fasciatus"
"1767","Perognathus flavescens"
"1768","Perognathus flavus"
"1769","Perognathus inornatus"
"1770","Perognathus longimembris"
"1771","Perognathus merriami"
"1772","Perognathus parvus"
"1773","Peromyscus attwateri"
"1774","Peromyscus aztecus"
"1775","Peromyscus beatae"
"1776","Peromyscus boylii"
"1777","Peromyscus californicus"
"1778","Peromyscus crinitus"
"1779","Peromyscus difficilis"
"1780","Peromyscus eremicus"
"1781","Peromyscus eva"
"1782","Peromyscus fraterculus"
"1783","Peromyscus furvus"
"1784","Peromyscus gossypinus"
"1785","Peromyscus gratus"
"1786","Peromyscus guatemalensis"
"1787","Peromyscus gymnotis"
"1788","Peromyscus hylocetes"
"1789","Peromyscus keeni"
"1790","Peromyscus leucopus"
"1791","Peromyscus levipes"
"1792","Peromyscus maniculatus"
"1793","Peromyscus megalops"
"1794","Peromyscus melanocarpus"
"1795","Peromyscus melanophrys"
"1796","Peromyscus melanotis"
"1797","Peromyscus melanurus"
"1798","Peromyscus merriami"
"1799","Peromyscus mexicanus"
"1800","Peromyscus nasutus"
"1801","Peromyscus ochraventer"
"1802","Peromyscus pectoralis"
"1803","Peromyscus perfulvus"
"1804","Peromyscus polionotus"
"1805","Peromyscus simulus"
"1806","Peromyscus spicilegus"
"1807","Peromyscus stirtoni"
"1808","Peromyscus truei"
"1809","Peromyscus yucatanicus"
"1810","Peropteryx kappleri"
"1811","Peropteryx leucoptera"
"1812","Peropteryx macrotis"
"1813","Peropteryx trinitatis"
"1814","Petaurista alborufus"
"1815","Petaurista petaurista"
"1816","Petaurista philippensis"
"1817","Petauroides volans"
"1818","Petaurus australis"
"1819","Petaurus breviceps"
"1820","Petaurus norfolcensis"
"1821","Petrodromus tetradactylus"
"1822","Petrogale assimilis"
"1823","Petrogale brachyotis"
"1824","Petrogale concinna"
"1825","Petrogale godmani"
"1826","Petrogale herberti"
"1827","Petrogale inornata"
"1828","Petrogale lateralis"
"1829","Petrogale mareeba"
"1830","Petrogale penicillata"
"1831","Petrogale purpureicollis"
"1832","Petrogale rothschildi"
"1833","Petrogale xanthopus"
"1834","Petromus typicus"
"1835","Petromyscus collinus"
"1836","Petropseudes dahli"
"1837","Phacochoerus aethiopicus"
"1838","Phacochoerus africanus"
"1839","Phalanger carmelitae"
"1840","Phalanger gymnotis"
"1841","Phalanger mimicus"
"1842","Phalanger orientalis"
"1843","Phascogale calura"
"1844","Phascogale pirata"
"1845","Phascogale tapoatafa"
"1846","Phascolarctos cinereus"
"1847","Phenacomys intermedius"
"1848","Phenacomys ungava"
"1849","Philander andersoni"
"1850","Philander frenatus"
"1851","Philander opossum"
"1852","Philantomba maxwellii"
"1853","Philantomba monticola"
"1854","Philetor brachypterus"
"1855","Phoca largha"
"1856","Phoca vitulina"
"1857","Phocarctos hookeri"
"1858","Phodopus campbelli"
"1859","Phodopus roborovskii"
"1860","Phodopus sungorus"
"1861","Phoniscus jagorii"
"1862","Phoniscus papuensis"
"1863","Phylloderma stenops"
"1864","Phyllonycteris poeyi"
"1865","Phyllops falcatus"
"1866","Phyllostomus discolor"
"1867","Phyllostomus elongatus"
"1868","Phyllostomus hastatus"
"1869","Phyllostomus latifolius"
"1870","Phyllotis amicus"
"1871","Phyllotis andium"
"1872","Phyllotis caprinus"
"1873","Phyllotis darwini"
"1874","Phyllotis haggardi"
"1875","Phyllotis limatus"
"1876","Phyllotis magister"
"1877","Phyllotis osilae"
"1878","Phyllotis wolffsohni"
"1879","Phyllotis xanthopygus"
"1880","Physeter macrocephalus"
"1881","Piliocolobus badius"
"1882","Piliocolobus temminckii"
"1883","Piliocolobus tephrosceles"
"1884","Pipistrellus abramus"
"1885","Pipistrellus adamsi"
"1886","Pipistrellus ceylonicus"
"1887","Pipistrellus coromandra"
"1888","Pipistrellus hesperidus"
"1889","Pipistrellus hesperus"
"1890","Pipistrellus javanicus"
"1891","Pipistrellus kuhlii"
"1892","Pipistrellus maderensis"
"1893","Pipistrellus nanulus"
"1894","Pipistrellus nathusii"
"1895","Pipistrellus paterculus"
"1896","Pipistrellus pipistrellus"
"1897","Pipistrellus pygmaeus"
"1898","Pipistrellus rueppellii"
"1899","Pipistrellus rusticus"
"1900","Pipistrellus subflavus"
"1901","Pipistrellus tenuis"
"1902","Pipistrellus westralis"
"1903","Pithecia pithecia"
"1904","Planigale gilesi"
"1905","Planigale ingrami"
"1906","Planigale maculata"
"1907","Planigale tenuirostris"
"1908","Platalina genovensium"
"1909","Platymops setiger"
"1910","Platyrrhinus albericoi"
"1911","Platyrrhinus angustirostris"
"1912","Platyrrhinus aurarius"
"1913","Platyrrhinus brachycephalus"
"1914","Platyrrhinus chocoensis"
"1915","Platyrrhinus dorsalis"
"1916","Platyrrhinus fusciventris"
"1917","Platyrrhinus helleri"
"1918","Platyrrhinus incarum"
"1919","Platyrrhinus infuscus"
"1920","Platyrrhinus ismaeli"
"1921","Platyrrhinus lineatus"
"1922","Platyrrhinus masu"
"1923","Platyrrhinus matapalensis"
"1924","Platyrrhinus recifinus"
"1925","Platyrrhinus umbratus"
"1926","Platyrrhinus vittatus"
"1927","Plecotus auritus"
"1928","Plecotus austriacus"
"1929","Plecotus macrobullaris"
"1930","Plecotus ognevi"
"1931","Plecotus teneriffae"
"1932","Podomys floridanus"
"1933","Poecilogale albinucha"
"1934","Poelagus marjorita"
"1935","Pogonomys loriae"
"1936","Pogonomys macrourus"
"1937","Poliocitellus franklinii"
"1938","Pongo pygmaeus"
"1939","Potamochoerus larvatus"
"1940","Potamochoerus porcus"
"1941","Potamogale velox"
"1942","Potorous longipes"
"1943","Potorous tridactylus"
"1944","Potos flavus"
"1945","Praomys daltoni"
"1946","Praomys degraaffi"
"1947","Praomys delectorum"
"1948","Praomys derooi"
"1949","Praomys jacksoni"
"1950","Praomys misonnei"
"1951","Praomys morio"
"1952","Praomys rostratus"
"1953","Praomys tullbergi"
"1954","Presbytis melalophos"
"1955","Presbytis rubicunda"
"1956","Priodontes maximus"
"1957","Prionailurus bengalensis"
"1958","Prionailurus rubiginosus"
"1959","Prionailurus viverrinus"
"1960","Procapra picticaudata"
"1961","Procavia capensis"
"1962","Procolobus verus"
"1963","Procyon cancrivorus"
"1964","Procyon lotor"
"1965","Proechimys brevicauda"
"1966","Proechimys canicollis"
"1967","Proechimys chrysaeolus"
"1968","Proechimys cuvieri"
"1969","Proechimys goeldii"
"1970","Proechimys guairae"
"1971","Proechimys guyannensis"
"1972","Proechimys longicaudatus"
"1973","Proechimys oconnelli"
"1974","Proechimys quadruplicatus"
"1975","Proechimys roberti"
"1976","Proechimys semispinosus"
"1977","Proechimys simonsi"
"1978","Proechimys steerei"
"1979","Proechimys trinitatis"
"1980","Prolemur simus"
"1981","Promops centralis"
"1982","Promops nasutus"
"1983","Pronolagus rupestris"
"1984","Propithecus coquereli"
"1985","Propithecus diadema"
"1986","Propithecus verreauxi"
"1987","Proteles cristata"
"1988","Protoxerus aubinnii"
"1989","Protoxerus stangeri"
"1990","Psammomys obesus"
"1991","Pseudantechinus bilarni"
"1992","Pseudantechinus macdonnellensis"
"1993","Pseudantechinus mimulus"
"1994","Pseudantechinus ningbing"
"1995","Pseudantechinus roryi"
"1996","Pseudantechinus woolleyae"
"1997","Pseudocheirus peregrinus"
"1998","Pseudochirops archeri"
"1999","Pseudochirops cupreus"
"2000","Pseudochirulus herbertensis"
"2001","Pseudochirulus larvatus"
"2002","Pseudois nayaur"
"2003","Pseudomys albocinereus"
"2004","Pseudomys apodemoides"
"2005","Pseudomys australis"
"2006","Pseudomys bolami"
"2007","Pseudomys calabyi"
"2008","Pseudomys chapmani"
"2009","Pseudomys delicatulus"
"2010","Pseudomys desertor"
"2011","Pseudomys fumeus"
"2012","Pseudomys gracilicaudatus"
"2013","Pseudomys hermannsburgensis"
"2014","Pseudomys higginsi"
"2015","Pseudomys johnsoni"
"2016","Pseudomys nanus"
"2017","Pseudomys novaehollandiae"
"2018","Pseudomys occidentalis"
"2019","Pseudomys oralis"
"2020","Pseudomys patrius"
"2021","Pseudomys shortridgei"
"2022","Pseudoryzomys simplex"
"2023","Ptenochirus jagori"
"2024","Ptenochirus minor"
"2025","Pteromys volans"
"2026","Pteronotus davyi"
"2027","Pteronotus gymnonotus"
"2028","Pteronotus macleayii"
"2029","Pteronotus mesoamericanus"
"2030","Pteronotus parnellii"
"2031","Pteronotus personatus"
"2032","Pteronotus quadridens"
"2033","Pteronotus rubiginosus"
"2034","Pteronura brasiliensis"
"2035","Pteropus admiralitatum"
"2036","Pteropus alecto"
"2037","Pteropus conspicillatus"
"2038","Pteropus giganteus"
"2039","Pteropus hypomelanus"
"2040","Pteropus macrotis"
"2041","Pteropus mariannus"
"2042","Pteropus neohibernicus"
"2043","Pteropus ornatus"
"2044","Pteropus poliocephalus"
"2045","Pteropus pumilus"
"2046","Pteropus rufus"
"2047","Pteropus scapulatus"
"2048","Pteropus seychellensis"
"2049","Pteropus tonganus"
"2050","Pteropus vampyrus"
"2051","Pudu mephistophiles"
"2052","Pudu puda"
"2053","Puma concolor"
"2054","Pusa hispida"
"2055","Pygathrix nemaeus"
"2056","Pygeretmus pumilio"
"2057","Pygoderma bilabiatum"
"2058","Rangifer tarandus"
"2059","Raphicerus campestris"
"2060","Raphicerus melanotis"
"2061","Raphicerus sharpei"
"2062","Rattus andamanensis"
"2063","Rattus argentiventer"
"2064","Rattus colletti"
"2065","Rattus everetti"
"2066","Rattus exulans"
"2067","Rattus fuscipes"
"2068","Rattus hoffmanni"
"2069","Rattus leucopus"
"2070","Rattus losea"
"2071","Rattus lutreolus"
"2072","Rattus niobe"
"2073","Rattus nitidus"
"2074","Rattus norvegicus"
"2075","Rattus praetor"
"2076","Rattus pyctoris"
"2077","Rattus rattus"
"2078","Rattus sordidus"
"2079","Rattus steini"
"2080","Rattus tanezumi"
"2081","Rattus tiomanicus"
"2082","Rattus tunneyi"
"2083","Rattus verecundus"
"2084","Rattus villosissimus"
"2085","Ratufa affinis"
"2086","Ratufa bicolor"
"2087","Ratufa indica"
"2088","Ratufa macroura"
"2089","Redunca arundinum"
"2090","Redunca fulvorufula"
"2091","Redunca redunca"
"2092","Reithrodon auritus"
"2093","Reithrodontomys burti"
"2094","Reithrodontomys chrysopsis"
"2095","Reithrodontomys creper"
"2096","Reithrodontomys fulvescens"
"2097","Reithrodontomys gracilis"
"2098","Reithrodontomys humulis"
"2099","Reithrodontomys megalotis"
"2100","Reithrodontomys mexicanus"
"2101","Reithrodontomys microdon"
"2102","Reithrodontomys montanus"
"2103","Reithrodontomys raviventris"
"2104","Reithrodontomys sumichrasti"
"2105","Reithrodontomys tenuirostris"
"2106","Reithrodontomys zacatecae"
"2107","Rhabdomys pumilio"
"2108","Rhinoceros unicornis"
"2109","Rhinolophus acuminatus"
"2110","Rhinolophus affinis"
"2111","Rhinolophus alcyone"
"2112","Rhinolophus arcuatus"
"2113","Rhinolophus blasii"
"2114","Rhinolophus borneensis"
"2115","Rhinolophus capensis"
"2116","Rhinolophus clivosus"
"2117","Rhinolophus coelophyllus"
"2118","Rhinolophus darlingi"
"2119","Rhinolophus deckenii"
"2120","Rhinolophus denti"
"2121","Rhinolophus eloquens"
"2122","Rhinolophus euryale"
"2123","Rhinolophus euryotis"
"2124","Rhinolophus ferrumequinum"
"2125","Rhinolophus fumigatus"
"2126","Rhinolophus hildebrandtii"
"2127","Rhinolophus hipposideros"
"2128","Rhinolophus inops"
"2129","Rhinolophus landeri"
"2130","Rhinolophus lepidus"
"2131","Rhinolophus luctus"
"2132","Rhinolophus macrotis"
"2133","Rhinolophus malayanus"
"2134","Rhinolophus marshalli"
"2135","Rhinolophus megaphyllus"
"2136","Rhinolophus mehelyi"
"2137","Rhinolophus paradoxolophus"
"2138","Rhinolophus pearsonii"
"2139","Rhinolophus philippinensis"
"2140","Rhinolophus pusillus"
"2141","Rhinolophus rouxii"
"2142","Rhinolophus rufus"
"2143","Rhinolophus sedulus"
"2144","Rhinolophus shameli"
"2145","Rhinolophus simulator"
"2146","Rhinolophus sinicus"
"2147","Rhinolophus stheno"
"2148","Rhinolophus subrufus"
"2149","Rhinolophus swinnyi"
"2150","Rhinolophus thomasi"
"2151","Rhinolophus trifoliatus"
"2152","Rhinolophus virgo"
"2153","Rhinonicteris aurantia"
"2154","Rhinophylla alethina"
"2155","Rhinophylla fischerae"
"2156","Rhinophylla pumilio"
"2157","Rhinopoma cystops"
"2158","Rhinopoma hardwickii"
"2159","Rhinopoma microphyllum"
"2160","Rhinopoma muscatellum"
"2161","Rhinosciurus laticaudatus"
"2162","Rhipidomys couesi"
"2163","Rhipidomys latimanus"
"2164","Rhipidomys leucodactylus"
"2165","Rhipidomys macconnelli"
"2166","Rhipidomys mastacalis"
"2167","Rhipidomys nitela"
"2168","Rhipidomys venezuelae"
"2169","Rhipidomys venustus"
"2170","Rhizomys pruinosus"
"2171","Rhizomys sinensis"
"2172","Rhizomys sumatrensis"
"2173","Rhogeessa aeneus"
"2174","Rhogeessa alleni"
"2175","Rhogeessa io"
"2176","Rhogeessa minutilla"
"2177","Rhogeessa parvula"
"2178","Rhogeessa tumida"
"2179","Rhombomys opimus"
"2180","Rhynchocyon cirnei"
"2181","Rhynchocyon petersi"
"2182","Rhynchonycteris naso"
"2183","Rousettus aegyptiacus"
"2184","Rousettus amplexicaudatus"
"2185","Rousettus celebensis"
"2186","Rousettus lanosus"
"2187","Rousettus leschenaultii"
"2188","Rousettus madagascariensis"
"2189","Rucervus duvaucelii"
"2190","Rupicapra pyrenaica"
"2191","Rupicapra rupicapra"
"2192","Rusa marianna"
"2193","Rusa timorensis"
"2194","Rusa unicolor"
"2195","Saccolaimus flaviventris"
"2196","Saccolaimus peli"
"2197","Saccolaimus saccolaimus"
"2198","Saccopteryx bilineata"
"2199","Saccopteryx canescens"
"2200","Saccopteryx gymnura"
"2201","Saccopteryx leptura"
"2202","Saccostomus campestris"
"2203","Saguinus fuscicollis"
"2204","Saguinus geoffroyi"
"2205","Saguinus imperator"
"2206","Saguinus leucopus"
"2207","Saguinus midas"
"2208","Saguinus mystax"
"2209","Saguinus nigricollis"
"2210","Saguinus oedipus"
"2211","Saimiri boliviensis"
"2212","Saimiri oerstedii"
"2213","Saimiri sciureus"
"2214","Sapajus apella"
"2215","Sapajus cay"
"2216","Sapajus libidinosus"
"2217","Sapajus macrocephalus"
"2218","Sapajus nigritus"
"2219","Sarcophilus harrisii"
"2220","Sauromys petrophilus"
"2221","Scalopus aquaticus"
"2222","Scapanus latimanus"
"2223","Scapanus orarius"
"2224","Scapanus townsendii"
"2225","Scapteromys tumidus"
"2226","Sciurillus pusillus"
"2227","Sciurocheirus alleni"
"2228","Sciurotamias davidianus"
"2229","Sciurus aberti"
"2230","Sciurus aestuans"
"2231","Sciurus alleni"
"2232","Sciurus anomalus"
"2233","Sciurus arizonensis"
"2234","Sciurus aureogaster"
"2235","Sciurus carolinensis"
"2236","Sciurus colliaei"
"2237","Sciurus deppei"
"2238","Sciurus granatensis"
"2239","Sciurus griseus"
"2240","Sciurus ignitus"
"2241","Sciurus igniventris"
"2242","Sciurus lis"
"2243","Sciurus nayaritensis"
"2244","Sciurus niger"
"2245","Sciurus oculatus"
"2246","Sciurus pucheranii"
"2247","Sciurus pyrrhinus"
"2248","Sciurus spadiceus"
"2249","Sciurus stramineus"
"2250","Sciurus variegatoides"
"2251","Sciurus vulgaris"
"2252","Sciurus yucatanensis"
"2253","Scoteanax rueppellii"
"2254","Scotinomys teguina"
"2255","Scotinomys xerampelinus"
"2256","Scotoecus albofuscus"
"2257","Scotoecus hirundo"
"2258","Scotomanes ornatus"
"2259","Scotonycteris zenkeri"
"2260","Scotophilus dinganii"
"2261","Scotophilus heathii"
"2262","Scotophilus kuhlii"
"2263","Scotophilus leucogaster"
"2264","Scotophilus nigrita"
"2265","Scotophilus nux"
"2266","Scotophilus viridis"
"2267","Scotorepens balstoni"
"2268","Scotorepens greyii"
"2269","Scotorepens orion"
"2270","Scotorepens sanborni"
"2271","Scutisorex somereni"
"2272","Sekeetamys calurus"
"2273","Semnopithecus dussumieri"
"2274","Semnopithecus entellus"
"2275","Semnopithecus hypoleucos"
"2276","Semnopithecus priam"
"2277","Semnopithecus schistaceus"
"2278","Setifer setosus"
"2279","Setonix brachyurus"
"2280","Sicista betulina"
"2281","Sicista subtilis"
"2282","Sigmodon alleni"
"2283","Sigmodon alstoni"
"2284","Sigmodon arizonae"
"2285","Sigmodon fulviventer"
"2286","Sigmodon hirsutus"
"2287","Sigmodon hispidus"
"2288","Sigmodon leucotis"
"2289","Sigmodon mascotensis"
"2290","Sigmodon ochrognathus"
"2291","Sigmodon peruanus"
"2292","Sigmodon toltecus"
"2293","Sigmodontomys alfari"
"2294","Sminthopsis bindi"
"2295","Sminthopsis butleri"
"2296","Sminthopsis crassicaudata"
"2297","Sminthopsis dolichura"
"2298","Sminthopsis douglasi"
"2299","Sminthopsis fuliginosus"
"2300","Sminthopsis gilberti"
"2301","Sminthopsis granulipes"
"2302","Sminthopsis griseoventer"
"2303","Sminthopsis hirtipes"
"2304","Sminthopsis leucopus"
"2305","Sminthopsis longicaudata"
"2306","Sminthopsis macroura"
"2307","Sminthopsis murina"
"2308","Sminthopsis ooldea"
"2309","Sminthopsis psammophila"
"2310","Sminthopsis virginiae"
"2311","Sminthopsis youngsoni"
"2312","Solenodon paradoxus"
"2313","Sooretamys angouya"
"2314","Sorex alpinus"
"2315","Sorex antinorii"
"2316","Sorex araneus"
"2317","Sorex arcticus"
"2318","Sorex bairdi"
"2319","Sorex bedfordiae"
"2320","Sorex bendirii"
"2321","Sorex caecutiens"
"2322","Sorex cinereus"
"2323","Sorex coronatus"
"2324","Sorex daphaenodon"
"2325","Sorex dispar"
"2326","Sorex fumeus"
"2327","Sorex granarius"
"2328","Sorex haydeni"
"2329","Sorex hoyi"
"2330","Sorex isodon"
"2331","Sorex longirostris"
"2332","Sorex merriami"
"2333","Sorex minutissimus"
"2334","Sorex minutus"
"2335","Sorex monticolus"
"2336","Sorex nanus"
"2337","Sorex oreopolus"
"2338","Sorex ornatus"
"2339","Sorex pacificus"
"2340","Sorex palustris"
"2341","Sorex preblei"
"2342","Sorex roboratus"
"2343","Sorex rohweri"
"2344","Sorex saussurei"
"2345","Sorex sonomae"
"2346","Sorex tenellus"
"2347","Sorex trowbridgii"
"2348","Sorex tundrensis"
"2349","Sorex ugyunak"
"2350","Sorex unguiculatus"
"2351","Sorex vagrans"
"2352","Sorex ventralis"
"2353","Sorex veraecrucis"
"2354","Sorex veraepacis"
"2355","Sorex yukonicus"
"2356","Soriculus nigrescens"
"2357","Sotalia guianensis"
"2358","Spalacopus cyanus"
"2359","Speothos venaticus"
"2360","Spermophilopsis leptodactylus"
"2361","Spermophilus citellus"
"2362","Spermophilus dauricus"
"2363","Spermophilus erythrogenys"
"2364","Spermophilus fulvus"
"2365","Spermophilus major"
"2366","Spermophilus pallidicauda"
"2367","Spermophilus pygmaeus"
"2368","Spermophilus suslicus"
"2369","Spermophilus xanthoprymnus"
"2370","Sphaeronycteris toxophyllum"
"2371","Spilocuscus maculatus"
"2372","Spilogale angustifrons"
"2373","Spilogale gracilis"
"2374","Spilogale putorius"
"2375","Spilogale pygmaea"
"2376","Steatomys caurinus"
"2377","Steatomys krebsii"
"2378","Steatomys parvus"
"2379","Steatomys pratensis"
"2380","Stenocephalemys albipes"
"2381","Stenocephalemys griseicauda"
"2382","Stenoderma rufum"
"2383","Stochomys longicaudatus"
"2384","Sturnira aratathomasi"
"2385","Sturnira bidens"
"2386","Sturnira bogotensis"
"2387","Sturnira erythromos"
"2388","Sturnira hondurensis"
"2389","Sturnira lilium"
"2390","Sturnira ludovici"
"2391","Sturnira luisi"
"2392","Sturnira magna"
"2393","Sturnira mordax"
"2394","Sturnira oporaphilum"
"2395","Sturnira tildae"
"2396","Stylodipus telum"
"2397","Suncus etruscus"
"2398","Suncus madagascariensis"
"2399","Suncus megalura"
"2400","Suncus murinus"
"2401","Sundamys muelleri"
"2402","Sundasciurus hippurus"
"2403","Sundasciurus lowii"
"2404","Sundasciurus philippinensis"
"2405","Sundasciurus tenuis"
"2406","Suricata suricatta"
"2407","Sus barbatus"
"2408","Sus philippensis"
"2409","Sus scrofa"
"2410","Syconycteris australis"
"2411","Sylvicapra grimmia"
"2412","Sylvilagus aquaticus"
"2413","Sylvilagus audubonii"
"2414","Sylvilagus bachmani"
"2415","Sylvilagus brasiliensis"
"2416","Sylvilagus cunicularius"
"2417","Sylvilagus floridanus"
"2418","Sylvilagus nuttallii"
"2419","Sylvilagus obscurus"
"2420","Sylvilagus palustris"
"2421","Sylvilagus robustus"
"2422","Sylvilagus transitionalis"
"2423","Sylvisorex granti"
"2424","Sylvisorex howelli"
"2425","Sylvisorex johnstoni"
"2426","Sylvisorex lunaris"
"2427","Sylvisorex ollula"
"2428","Sylvisorex vulcanorum"
"2429","Symphalangus syndactylus"
"2430","Synaptomys borealis"
"2431","Synaptomys cooperi"
"2432","Syncerus caffer"
"2433","Tachyglossus aculeatus"
"2434","Tachyoryctes splendens"
"2435","Tadarida aegyptiaca"
"2436","Tadarida brasiliensis"
"2437","Tadarida fulminans"
"2438","Tadarida teniotis"
"2439","Tadarida ventralis"
"2440","Talpa caeca"
"2441","Talpa europaea"
"2442","Talpa occidentalis"
"2443","Tamandua mexicana"
"2444","Tamandua tetradactyla"
"2445","Tamias striatus"
"2446","Tamiasciurus douglasii"
"2447","Tamiasciurus hudsonicus"
"2448","Tamiops maritimus"
"2449","Tamiops rodolphii"
"2450","Tamiops swinhoei"
"2451","Taphozous australis"
"2452","Taphozous georgianus"
"2453","Taphozous hilli"
"2454","Taphozous kapalgensis"
"2455","Taphozous longimanus"
"2456","Taphozous mauritianus"
"2457","Taphozous melanopogon"
"2458","Taphozous nudiventris"
"2459","Taphozous perforatus"
"2460","Taphozous troughtoni"
"2461","Tapirus bairdii"
"2462","Tapirus pinchaque"
"2463","Tapirus terrestris"
"2464","Tarsipes rostratus"
"2465","Tarsius syrichta"
"2466","Tatera indica"
"2467","Taterillus congicus"
"2468","Taterillus emini"
"2469","Taterillus gracilis"
"2470","Taxidea taxus"
"2471","Tayassu pecari"
"2472","Tenrec ecaudatus"
"2473","Thallomys nigricauda"
"2474","Thallomys paedulcus"
"2475","Thamnomys kempi"
"2476","Thaptomys nigrita"
"2477","Theropithecus gelada"
"2478","Thomasomys aureus"
"2479","Thomasomys baeops"
"2480","Thomasomys cinereiventer"
"2481","Thomasomys laniger"
"2482","Thomasomys niveipes"
"2483","Thomasomys paramorum"
"2484","Thomomys bottae"
"2485","Thomomys bulbivorus"
"2486","Thomomys idahoensis"
"2487","Thomomys mazama"
"2488","Thomomys monticola"
"2489","Thomomys talpoides"
"2490","Thomomys townsendii"
"2491","Thomomys umbrinus"
"2492","Thoopterus nigrescens"
"2493","Thrichomys apereoides"
"2494","Thryonomys gregorianus"
"2495","Thryonomys swinderianus"
"2496","Thylamys elegans"
"2497","Thylamys pallidior"
"2498","Thylamys pusillus"
"2499","Thylamys venustus"
"2500","Thylogale billardierii"
"2501","Thylogale brunii"
"2502","Thylogale stigmatica"
"2503","Thylogale thetis"
"2504","Thyroptera discifera"
"2505","Thyroptera tricolor"
"2506","Tlacuatzin canescens"
"2507","Tolypeutes matacus"
"2508","Tonatia bidens"
"2509","Tonatia saurophila"
"2510","Trachops cirrhosus"
"2511","Trachypithecus auratus"
"2512","Trachypithecus cristatus"
"2513","Trachypithecus johnii"
"2514","Trachypithecus obscurus"
"2515","Trachypithecus phayrei"
"2516","Trachypithecus pileatus"
"2517","Trachypithecus vetulus"
"2518","Tragelaphus angasii"
"2519","Tragelaphus eurycerus"
"2520","Tragelaphus imberbis"
"2521","Tragelaphus oryx"
"2522","Tragelaphus scriptus"
"2523","Tragelaphus spekii"
"2524","Tragelaphus strepsiceros"
"2525","Tragulus javanicus"
"2526","Tragulus kanchil"
"2527","Tragulus napu"
"2528","Transandinomys bolivaris"
"2529","Transandinomys talamancae"
"2530","Tremarctos ornatus"
"2531","Triaenops afer"
"2532","Triaenops persicus"
"2533","Trichosurus caninus"
"2534","Trichosurus cunninghami"
"2535","Trichosurus vulpecula"
"2536","Trinomys iheringi"
"2537","Trinycteris nicefori"
"2538","Tscherskia triton"
"2539","Tupaia belangeri"
"2540","Tupaia glis"
"2541","Tupaia gracilis"
"2542","Tupaia javanica"
"2543","Tupaia minor"
"2544","Tupaia montana"
"2545","Tupaia palawanensis"
"2546","Tupaia tana"
"2547","Tylomys mirae"
"2548","Tylomys nudicaudus"
"2549","Tylomys tumbalensis"
"2550","Tylomys watsoni"
"2551","Tylonycteris pachypus"
"2552","Tylonycteris robustula"
"2553","Uranomys ruddi"
"2554","Urocitellus armatus"
"2555","Urocitellus beldingi"
"2556","Urocitellus canus"
"2557","Urocitellus columbianus"
"2558","Urocitellus elegans"
"2559","Urocitellus mollis"
"2560","Urocitellus parryii"
"2561","Urocitellus richardsonii"
"2562","Urocitellus townsendii"
"2563","Urocitellus undulatus"
"2564","Urocitellus washingtoni"
"2565","Urocyon cinereoargenteus"
"2566","Urocyon littoralis"
"2567","Uroderma bilobatum"
"2568","Uroderma magnirostrum"
"2569","Uromys caudimaculatus"
"2570","Urotrichus talpoides"
"2571","Ursus americanus"
"2572","Ursus arctos"
"2573","Ursus maritimus"
"2574","Ursus thibetanus"
"2575","Vampyressa melissa"
"2576","Vampyressa pusilla"
"2577","Vampyressa thyone"
"2578","Vampyriscus bidens"
"2579","Vampyriscus brocki"
"2580","Vampyriscus nymphaea"
"2581","Vampyrodes caraccioli"
"2582","Vampyrodes major"
"2583","Vampyrum spectrum"
"2584","Vandeleuria oleracea"
"2585","Varecia variegata"
"2586","Vespadelus baverstocki"
"2587","Vespadelus caurinus"
"2588","Vespadelus darlingtoni"
"2589","Vespadelus douglasorum"
"2590","Vespadelus finlaysoni"
"2591","Vespadelus pumilus"
"2592","Vespadelus regulus"
"2593","Vespadelus troughtoni"
"2594","Vespadelus vulturnus"
"2595","Vespertilio murinus"
"2596","Vespertilio sinensis"
"2597","Vicugna vicugna"
"2598","Viverra tangalunga"
"2599","Viverra zibetha"
"2600","Viverricula indica"
"2601","Vombatus ursinus"
"2602","Vormela peregusna"
"2603","Vulpes bengalensis"
"2604","Vulpes cana"
"2605","Vulpes chama"
"2606","Vulpes corsac"
"2607","Vulpes lagopus"
"2608","Vulpes macrotis"
"2609","Vulpes pallida"
"2610","Vulpes rueppellii"
"2611","Vulpes velox"
"2612","Vulpes vulpes"
"2613","Vulpes zerda"
"2614","Wallabia bicolor"
"2615","Xeromys myoides"
"2616","Xerospermophilus mohavensis"
"2617","Xerospermophilus spilosoma"
"2618","Xerospermophilus tereticaudus"
"2619","Xerus erythropus"
"2620","Xerus inauris"
"2621","Xerus rutilus"
"2622","Zaedyus pichiy"
"2623","Zalophus californianus"
"2624","Zalophus wollebaeki"
"2625","Zapus hudsonius"
"2626","Zapus princeps"
"2627","Zapus trinotatus"
"2628","Zelotomys hildegardeae"
"2629","Zygodontomys brevicauda"
"2630","Zyzomys argurus"
"2631","Zyzomys maini"
"2632","Zyzomys woodwardi"
